Description,SoldQty,ReturnedQty,ReturnRate%
SAMPLES,3.0,-100.0,3333.3333333333335
damaged,206.0,-4625.0,2245.145631067961
Discount,196.0,-3068.0,1565.3061224489797
dotcom,71.0,-1069.0,1505.6338028169014
WHITE SCANDINAVIAN HEART CHRISTMAS,1.0,-12.0,1200.0
check,1217.0,-13329.0,1095.2341824157766
AMAZON FEE,4.0,-39.0,975.0
FEATHER HEART LIGHTS,1.0,-9.0,900.0
?,10884.0,-37641.0,345.8379272326351
RED HEART CANDY POP LIGHTS,1.0,-3.0,300.0
